Student_ID,Session_ID,Start_Time,Date
23,session_0ad719cf,2025-11-06 23:34:33,2025-11-06
24,session_8f7460e2,2025-11-06 23:49:01,2025-11-06
saad,session_26d60f60,2025-11-06 23:57:15,2025-11-06
Nowshinn,session_26d60f60,2025-11-07 00:39:43,2025-11-07
SKDJF,session_26d60f60,2025-11-07 02:20:33,2025-11-07
MY_ID_23RT,session_26d60f60,2025-11-07 04:10:18,2025-11-07
MY_ID_23RT23,session_2951d2e7,2025-11-07 04:11:20,2025-11-07
MY_ID_23RTS,session_98ebd0a0,2025-11-07 04:15:12,2025-11-07
23,session_4a7edf87,2025-11-07 04:53:34,2025-11-07
12,session_4a7edf87,2025-11-07 04:58:55,2025-11-07
323,session_4a7edf87,2025-11-07 05:03:14,2025-11-07
sdf,session_dfda4486,2025-11-07 16:58:50,2025-11-07
32,session_0ad719cf,2025-11-07 17:01:27,2025-11-07
234,session_0ad719cf,2025-11-07 17:02:05,2025-11-07
23,session_605cc3dc,2025-11-07 17:04:55,2025-11-07
1,session_8ebac4ca,2025-11-07 17:17:31,2025-11-07
45,session_8ebac4ca,2025-11-07 17:18:07,2025-11-07
23,session_6af2a596,2025-11-07 17:20:54,2025-11-07
23,session_73d8f56c,2025-11-07 17:33:00,2025-11-07
23,session_079bc94e,2025-11-07 17:35:48,2025-11-07
3,session_5fccf707,2025-11-07 17:46:22,2025-11-07
wef,session_079bc94e,2025-11-07 23:27:37,2025-11-07
sd,session_4a7edf87,2025-11-07 23:31:05,2025-11-07
